KodeApt,Wilayah,St_Milik,Jum_kamar
104.0,0,1,0.0202020202020202
197.0,2,0,0.0202020202020202
8837.0,2,0,1.0
201.0,3,0,0.0
203.0,3,1,0.0202020202020202
207.0,3,1,0.0202020202020202
837.0,1,1,0.010101010101010102
213.0,0,1,0.0202020202020202
215.0,0,1,0.0202020202020202
